{"cameraMode":{"drawMode":0,"name":"Shaded","section":"Shading Mode"},"sceneLighting":false,"audioPlay":false,"sceneViewState":{"showFog":true,"showMaterialUpdate":false,"showSkybox":false,"showFlares":true,"showImageEffects":true,"showParticleSystems":true},"in2DMode":false,"pivot":{"x":-4.0,"y":0.6877371668815613,"z":-2.9802322387695315e-8},"rotation":{"x":0.26470205187797549,"y":0.20583771169185639,"z":-0.0579393096268177,"w":0.9403289556503296},"size":2.7372488975524904,"orthographic":false}