{"cameraMode":{"drawMode":3,"name":"Shadow Cascades","section":"Miscellaneous"},"sceneLighting":true,"audioPlay":false,"sceneViewState":{"showFog":true,"showMaterialUpdate":false,"showSkybox":true,"showFlares":true,"showImageEffects":true,"showParticleSystems":true},"in2DMode":false,"pivot":{"x":116.13250732421875,"y":363.8100280761719,"z":0.0},"rotation":{"x":-0.028982197865843774,"y":0.030778324231505395,"z":0.0008928520837798715,"w":0.9991058707237244},"size":1036.9698486328125,"orthographic":true}