{"cameraMode":{"drawMode":0,"name":"Shaded","section":"Shading Mode"},"sceneLighting":false,"audioPlay":false,"sceneViewState":{"showFog":true,"showMaterialUpdate":false,"showSkybox":false,"showFlares":true,"showImageEffects":true,"showParticleSystems":true},"in2DMode":false,"pivot":{"x":0.0,"y":0.6066802144050598,"z":2.9802322387695315e-8},"rotation":{"x":0.1726597398519516,"y":0.8181949257850647,"z":-0.314351886510849,"w":0.44942590594291689},"size":2.5943291187286379,"orthographic":false}