{"cameraMode":{"drawMode":0,"name":"Shaded","section":"Shading Mode"},"sceneLighting":false,"audioPlay":false,"sceneViewState":{"showFog":true,"showMaterialUpdate":false,"showSkybox":false,"showFlares":true,"showImageEffects":true,"showParticleSystems":true},"in2DMode":false,"pivot":{"x":-1853.427734375,"y":-1334.6258544921875,"z":272.1169128417969},"rotation":{"x":0.3014531135559082,"y":-0.05859334394335747,"z":0.01855664886534214,"w":0.9515151977539063},"size":2.339290142059326,"orthographic":false}