{"cameraMode":{"drawMode":0,"name":"Shaded","section":"Shading Mode"},"sceneLighting":false,"audioPlay":false,"sceneViewState":{"showFog":true,"showMaterialUpdate":false,"showSkybox":false,"showFlares":true,"showImageEffects":true,"showParticleSystems":true},"in2DMode":false,"pivot":{"x":3.499999523162842,"y":-0.21688178181648255,"z":3.500000476837158},"rotation":{"x":0.48820459842681887,"y":-0.10330095142126084,"z":0.05831111595034599,"w":0.864653468132019},"size":23.360397338867189,"orthographic":false}